InvoiceNo,StockCode,Description,Quantity,InvoiceDate,UnitPrice,CustomerID,Country,ContactEmail
530892,20235,assorted colour bird ornament,38,2010-12-01 00:00:00.000000,12.28,17772.0,,contact@shop.com
537738,68673,assorted colour bird ornament,34,2010-12-01 17:56:23.567134,15.45,16032.0,,not-an-email
536545,96634,SET 7 BABUSHKA NESTING BOXES,23,2010-12-02 11:52:47.134268,11.37,14284.0,United Kingdom,not-an-email
534388,88073,RED WOOLLY HOTTIE WHITE HEART.,43,2010-12-03 05:49:10.701402,23.47,17792.0,United Kingdom,hello@retail.co.uk
534329,34666,SET 7 BABUSHKA NESTING BOXES,-3,2010-12-03 23:45:34.268537,33.85,17775.0,Germany,hello@retail.co.uk
538585,50850,POPPY'S PLAYHOUSE BEDROOM,45,2010-12-04 17:41:57.835671,10.64,16791.0,  Spain,
530859,57790,n/a,41,2010-12-05 11:38:21.402805,15.87,13436.0,,contact@shop.com
536972,32305,n/a,20,2010-12-06 05:34:44.969939,46.45,15464.0,United Kingdom,user@@bad.com
532014,34182,RED WOOLLY HOTTIE WHITE HEART.,34,2010-12-06 23:31:08.537074,1.48,12032.0,Germany,
530941,31299,GLASS STAR FROSTED T-LIGHT HOLDER,21,2010-12-07 17:27:32.104208,22.5,17586.0,France,hello@retail.co.uk
535264,99511,RED WOOLLY HOTTIE WHITE HEART.,6,2010-12-08 11:23:55.671342,35.29,17775.0,,not-an-email
539755,77140,assorted colour bird ornament,37,2010-12-09 05:20:19.238476,6.67,12644.0,France,hello@retail.co.uk
537356,85676,,4,2010-12-09 23:16:42.805611,1.42,15386.0,Germany,hello@retail.co.uk
537610,83490,assorted colour bird ornament,8,2010-12-10 17:13:06.372745,6.05,15376.0,,not-an-email
537174,96321,assorted colour bird ornament,21,2010-12-11 11:09:29.939879,45.86,17179.0,eire,user@@bad.com
537859,19474,n/a,40,2010-12-12 05:05:53.507014,-0.53,15192.0,France,not-an-email
535131,89346,,13,2010-12-12 23:02:17.074148,8.6,14218.0,United Kingdom,not-an-email
531281,15990,SET 7 BABUSHKA NESTING BOXES,19,2010-12-13 16:58:40.641282,0.6,16460.0,eire,not-an-email
538396,52787,GLASS STAR FROSTED T-LIGHT HOLDER,-8,2010-12-14 10:55:04.208416,4.64,16013.0,,user@@bad.com
534503,63498,RED WOOLLY HOTTIE WHITE HEART.,-4,2010-12-15 04:51:27.775551,30.63,16837.0,eire,not-an-email
535003,42207,WHITE HANGING HEART T-LIGHT HOLDER,-7,2010-12-15 22:47:51.342685,11.32,17527.0,  Spain,user@@bad.com
533707,23155,GLASS STAR FROSTED T-LIGHT HOLDER,-6,2010-12-16 16:44:14.909819,28.03,15376.0,France,
531825,27306,POPPY'S PLAYHOUSE BEDROOM,42,2010-12-17 10:40:38.476953,29.1,12265.0,United Kingdom,user@@bad.com
539266,84218,GLASS STAR FROSTED T-LIGHT HOLDER,40,2010-12-18 04:37:02.044088,42.32,16637.0,United Kingdom,hello@retail.co.uk
537814,38684,POPPY'S PLAYHOUSE BEDROOM,39,2010-12-18 22:33:25.611222,-0.76,13622.0,  Spain,contact@shop.com
536438,37929,RED WOOLLY HOTTIE WHITE HEART.,-7,2010-12-19 16:29:49.178356,42.52,17543.0,United Kingdom,hello@retail.co.uk
534023,93101,,-6,2010-12-20 10:26:12.745490,30.58,14810.0,  Spain,contact@shop.com
538226,22948,GLASS STAR FROSTED T-LIGHT HOLDER,6,2010-12-21 04:22:36.312625,7.3,15717.0,Germany,
535453,92373,SET 7 BABUSHKA NESTING BOXES,23,2010-12-21 22:18:59.879759,38.42,16013.0,United Kingdom,not-an-email
534433,92886,WHITE HANGING HEART T-LIGHT HOLDER,10,2010-12-22 16:15:23.446893,42.63,14271.0,United Kingdom,user@@bad.com
534504,63869,WHITE HANGING HEART T-LIGHT HOLDER,19,2010-12-23 10:11:47.014028,11.97,17460.0,United Kingdom,user@@bad.com
532272,24897,n/a,0,2010-12-24 04:08:10.581162,45.86,15376.0,France,hello@retail.co.uk
530921,24027,GLASS STAR FROSTED T-LIGHT HOLDER,33,2010-12-24 22:04:34.148296,22.18,13466.0,  Spain,
535545,35624,SET 7 BABUSHKA NESTING BOXES,8,2010-12-25 16:00:57.715430,29.77,17738.0,United Kingdom,hello@retail.co.uk
538878,61966,SET 7 BABUSHKA NESTING BOXES,-7,2010-12-26 09:57:21.282565,49.22,17821.0,  Spain,not-an-email
530638,23825,WHITE HANGING HEART T-LIGHT HOLDER,34,2010-12-27 03:53:44.849699,17.44,17691.0,eire,not-an-email
538582,51008,n/a,44,2010-12-27 21:50:08.416833,40.47,12627.0,Germany,not-an-email
538275,20393,WHITE HANGING HEART T-LIGHT HOLDER,-10,2010-12-28 15:46:31.983967,15.24,13956.0,,
532767,58625,POPPY'S PLAYHOUSE BEDROOM,16,2010-12-29 09:42:55.551102,39.76,16338.0,,user@@bad.com
536316,11903,RED WOOLLY HOTTIE WHITE HEART.,39,2010-12-30 03:39:19.118236,29.64,14274.0,United Kingdom,hello@retail.co.uk
531652,73812,SET 7 BABUSHKA NESTING BOXES,32,2010-12-30 21:35:42.685370,10.03,13956.0,France,not-an-email
537580,14985,SET 7 BABUSHKA NESTING BOXES,41,2010-12-31 15:32:06.252505,20.12,12859.0,France,not-an-email
537004,27533,POPPY'S PLAYHOUSE BEDROOM,14,2011-01-01 09:28:29.819639,15.2,13287.0,,hello@retail.co.uk
533544,25717,WHITE HANGING HEART T-LIGHT HOLDER,12,2011-01-02 03:24:53.386773,2.98,17892.0,eire,
530679,84788,SET 7 BABUSHKA NESTING BOXES,32,2011-01-02 21:21:16.953907,0.52,15185.0,United Kingdom,not-an-email
539706,14804,SET 7 BABUSHKA NESTING BOXES,-1,2011-01-03 15:17:40.521042,16.67,14302.0,United Kingdom,hello@retail.co.uk
534456,48632,SET 7 BABUSHKA NESTING BOXES,4,2011-01-04 09:14:04.088176,-0.03,16831.0,United Kingdom,
538930,63202,RED WOOLLY HOTTIE WHITE HEART.,26,2011-01-05 03:10:27.655310,7.44,16649.0,United Kingdom,hello@retail.co.uk
536778,56439,n/a,30,2011-01-05 21:06:51.222444,35.98,13747.0,United Kingdom,hello@retail.co.uk
537783,71263,,-3,2011-01-06 15:03:14.789579,35.11,17609.0,Germany,hello@retail.co.uk
537598,82278,,20,2011-01-07 08:59:38.356713,36.67,14821.0,Germany,
531946,45426,,11,2011-01-08 02:56:01.923847,15.17,16918.0,United Kingdom,user@@bad.com
533638,84538,n/a,20,2011-01-08 20:52:25.490981,44.39,17954.0,France,hello@retail.co.uk
534666,38618,SET 7 BABUSHKA NESTING BOXES,47,2011-01-09 14:48:49.058116,29.29,12231.0,Germany,not-an-email
534977,98597,SET 7 BABUSHKA NESTING BOXES,-6,2011-01-10 08:45:12.625250,5.43,12772.0,France,contact@shop.com
530437,55406,SET 7 BABUSHKA NESTING BOXES,unknown,2011-01-11 02:41:36.192384,6.33,17586.0,France,not-an-email
535465,76240,SET 7 BABUSHKA NESTING BOXES,16,2011-01-11 20:37:59.759519,34.35,17772.0,France,user@@bad.com
531542,88749,WHITE HANGING HEART T-LIGHT HOLDER,36,2011-01-12 14:34:23.326653,7.82,17873.0,France,
537433,81337,GLASS STAR FROSTED T-LIGHT HOLDER,15,2011-01-13 08:30:46.893787,24.87,17596.0,eire,contact@shop.com
536829,86600,WHITE HANGING HEART T-LIGHT HOLDER,8,2011-01-14 02:27:10.460921,49.58,15326.0,Germany,
539224,58285,RED WOOLLY HOTTIE WHITE HEART.,36,2011-01-14 20:23:34.028056,-0.8,13943.0,eire,contact@shop.com
537446,13912,RED WOOLLY HOTTIE WHITE HEART.,31,2011-01-15 14:19:57.595190,-0.15,15326.0,eire,
533666,54377,SET 7 BABUSHKA NESTING BOXES,-2,2011-01-16 08:16:21.162324,49.65,16383.0,United Kingdom,
539674,26334,POPPY'S PLAYHOUSE BEDROOM,32,2011-01-17 02:12:44.729458,28.82,14758.0,,user@@bad.com
534108,90019,GLASS STAR FROSTED T-LIGHT HOLDER,35,2011-01-17 20:09:08.296593,5.47,13738.0,eire,
533257,31306,n/a,13,2011-01-18 14:05:31.863727,44.76,15194.0,  Spain,
539054,30526,SET 7 BABUSHKA NESTING BOXES,45,2011-01-19 08:01:55.430861,43.9,14348.0,United Kingdom,user@@bad.com
533704,32444,n/a,28,2011-01-20 01:58:18.997995,26.35,12772.0,  Spain,user@@bad.com
530763,67830,WHITE HANGING HEART T-LIGHT HOLDER,10,2011-01-20 19:54:42.565130,30.71,12996.0,United Kingdom,hello@retail.co.uk
534695,61410,GLASS STAR FROSTED T-LIGHT HOLDER,-10,2011-01-21 13:51:06.132264,12.93,15643.0,,not-an-email
537956,95394,POPPY'S PLAYHOUSE BEDROOM,30,2011-01-22 07:47:29.699398,1.58,16082.0,France,
531894,47463,GLASS STAR FROSTED T-LIGHT HOLDER,2,2011-01-23 01:43:53.266533,29.32,15717.0,Germany,not-an-email
534628,35404,n/a,35,2011-01-23 19:40:16.833667,14.03,14962.0,  Spain,
531299,14432,SET 7 BABUSHKA NESTING BOXES,21,2011-01-24 13:36:40.400801,32.84,13436.0,Germany,contact@shop.com
536864,10636,WHITE HANGING HEART T-LIGHT HOLDER,18,2011-01-25 07:33:03.967935,41.65,15157.0,France,
534756,43624,POPPY'S PLAYHOUSE BEDROOM,-1,2011-01-26 01:29:27.535070,-0.07,15535.0,,contact@shop.com
533301,93322,WHITE HANGING HEART T-LIGHT HOLDER,32,2011-01-26 19:25:51.102204,29.38,15376.0,United Kingdom,
532268,57137,POPPY'S PLAYHOUSE BEDROOM,-1,2011-01-27 13:22:14.669338,10.8,12703.0,France,hello@retail.co.uk
535644,90418,assorted colour bird ornament,15,2011-01-28 07:18:38.236472,43.57,14706.0,,hello@retail.co.uk
536697,19150,POPPY'S PLAYHOUSE BEDROOM,40,2011-01-29 01:15:01.803607,11.94,14443.0,United Kingdom,
539402,18398,,45,2011-01-29 19:11:25.370741,30.15,14152.0,United Kingdom,contact@shop.com
534371,85010,n/a,49,2011-01-30 13:07:48.937875,27.23,15386.0,United Kingdom,not-an-email
531606,19606,RED WOOLLY HOTTIE WHITE HEART.,47,2011-01-31 07:04:12.505010,19.2,17930.0,,contact@shop.com
538325,14676,,23,2011-02-01 01:00:36.072144,33.56,17792.0,United Kingdom,user@@bad.com
536297,46367,WHITE HANGING HEART T-LIGHT HOLDER,2,2011-02-01 18:56:59.639278,36.01,14338.0,Germany,hello@retail.co.uk
537001,93234,POPPY'S PLAYHOUSE BEDROOM,40,2011-02-02 12:53:23.206412,27.91,13259.0,eire,
530972,72043,assorted colour bird ornament,38,2011-02-03 06:49:46.773547,37.68,12619.0,United Kingdom,contact@shop.com
533123,18920,POPPY'S PLAYHOUSE BEDROOM,49,2011-02-04 00:46:10.340681,49.15,17114.0,France,contact@shop.com
537677,85340,POPPY'S PLAYHOUSE BEDROOM,29,2011-02-04 18:42:33.907815,20.38,,France,hello@retail.co.uk
538321,85920,SET 7 BABUSHKA NESTING BOXES,-2,2011-02-05 12:38:57.474949,25.24,13444.0,France,not-an-email
534351,82061,WHITE HANGING HEART T-LIGHT HOLDER,20,2011-02-06 06:35:21.042084,-0.36,15386.0,Germany,contact@shop.com
538046,91237,n/a,16,2011-02-07 00:31:44.609218,39.6,17494.0,eire,contact@shop.com
538416,31588,,40,2011-02-07 18:28:08.176352,25.53,14713.0,France,not-an-email
533874,98160,WHITE HANGING HEART T-LIGHT HOLDER,13,2011-02-08 12:24:31.743486,19.81,15194.0,Germany,user@@bad.com
538979,38862,n/a,9,2011-02-09 06:20:55.310621,3.8,17775.0,France,hello@retail.co.uk
532882,82181,n/a,-6,2011-02-10 00:17:18.877755,44.37,16865.0,United Kingdom,not-an-email
532395,62142,,40,2011-02-10 18:13:42.444889,19.15,17586.0,France,user@@bad.com
536824,80152,POPPY'S PLAYHOUSE BEDROOM,35,2011-02-11 12:10:06.012024,33.81,15584.0,,contact@shop.com
536366,66503,WHITE HANGING HEART T-LIGHT HOLDER,-8,2011-02-12 06:06:29.579158,6.62,14978.0,eire,contact@shop.com
531397,67822,WHITE HANGING HEART T-LIGHT HOLDER,16,2011-02-13 00:02:53.146292,48.04,17815.0,United Kingdom,contact@shop.com
538326,65464,SET 7 BABUSHKA NESTING BOXES,18,2011-02-13 17:59:16.713426,8.1,16032.0,  Spain,hello@retail.co.uk
531998,80108,assorted colour bird ornament,18,2011-02-14 11:55:40.280561,9.18,17821.0,France,
538048,76513,RED WOOLLY HOTTIE WHITE HEART.,45,2011-02-15 05:52:03.847695,42.81,14505.0,  Spain,hello@retail.co.uk
530073,22109,WHITE HANGING HEART T-LIGHT HOLDER,-1,2011-02-15 23:48:27.414829,45.54,17114.0,France,contact@shop.com
537967,84344,assorted colour bird ornament,8,2011-02-16 17:44:50.981963,9.82,13022.0,United Kingdom,contact@shop.com
537868,58245,POPPY'S PLAYHOUSE BEDROOM,0,2011-02-17 11:41:14.549098,22.96,14549.0,France,hello@retail.co.uk
537802,39077,assorted colour bird ornament,4,2011-02-18 05:37:38.116232,36.41,17196.0,France,contact@shop.com
536647,56279,POPPY'S PLAYHOUSE BEDROOM,44,2011-02-18 23:34:01.683366,43.8,14152.0,United Kingdom,contact@shop.com
534715,97027,POPPY'S PLAYHOUSE BEDROOM,46,2011-02-19 17:30:25.250501,18.33,16032.0,United Kingdom,
537050,87180,GLASS STAR FROSTED T-LIGHT HOLDER,-8,2011-02-20 11:26:48.817635,25.37,14991.0,,user@@bad.com
532770,85032,GLASS STAR FROSTED T-LIGHT HOLDER,27,2011-02-21 05:23:12.384769,36.83,16682.0,eire,not-an-email
537806,51651,POPPY'S PLAYHOUSE BEDROOM,3,2011-02-21 23:19:35.951903,36.29,16791.0,Germany,
535555,80571,SET 7 BABUSHKA NESTING BOXES,1,2011-02-22 17:15:59.519038,38.93,15185.0,,user@@bad.com
534588,44657,WHITE HANGING HEART T-LIGHT HOLDER,7,2011-02-23 11:12:23.086172,28.07,17460.0,France,
535055,71754,POPPY'S PLAYHOUSE BEDROOM,1,2011-02-24 05:08:46.653306,4.34,14962.0,Germany,not-an-email
535686,67560,SET 7 BABUSHKA NESTING BOXES,19,2011-02-24 23:05:10.220440,45.1,15156.0,United Kingdom,contact@shop.com
530372,32481,n/a,49,2011-02-25 17:01:33.787575,43.14,12499.0,  Spain,
531397,33981,,25,2011-02-26 10:57:57.354709,39.7,13125.0,Germany,hello@retail.co.uk
532454,15501,POPPY'S PLAYHOUSE BEDROOM,33,2011-02-27 04:54:20.921843,4.09,12373.0,France,user@@bad.com
531145,22579,WHITE HANGING HEART T-LIGHT HOLDER,19,2011-02-27 22:50:44.488977,9.42,14978.0,United Kingdom,hello@retail.co.uk
534395,49025,assorted colour bird ornament,-10,2011-02-28 16:47:08.056112,36.92,13544.0,United Kingdom,contact@shop.com
536683,53008,,-5,2011-03-01 10:43:31.623246,0.18,15218.0,France,contact@shop.com
536543,24860,,6,2011-03-02 04:39:55.190380,48.94,12373.0,United Kingdom,
534710,47519,SET 7 BABUSHKA NESTING BOXES,4,2011-03-02 22:36:18.757515,18.23,14219.0,  Spain,contact@shop.com
538549,64375,n/a,40,2011-03-03 16:32:42.324649,35.68,17543.0,eire,
535651,30931,,40,2011-03-04 10:29:05.891783,44.27,12460.0,United Kingdom,hello@retail.co.uk
530791,40440,POPPY'S PLAYHOUSE BEDROOM,41,2011-03-05 04:25:29.458917,19.13,17596.0,France,not-an-email
537649,43075,,28,2011-03-05 22:21:53.026052,15.28,15828.0,France,
535745,55454,WHITE HANGING HEART T-LIGHT HOLDER,23,2011-03-06 16:18:16.593186,30.05,17527.0,Germany,user@@bad.com
536346,42974,n/a,28,2011-03-07 10:14:40.160320,28.63,12373.0,,contact@shop.com
535653,76324,RED WOOLLY HOTTIE WHITE HEART.,14,2011-03-08 04:11:03.727454,19.87,15032.0,  Spain,hello@retail.co.uk
535535,39474,SET 7 BABUSHKA NESTING BOXES,30,2011-03-08 22:07:27.294589,29.69,16032.0,United Kingdom,not-an-email
530905,49050,POPPY'S PLAYHOUSE BEDROOM,37,2011-03-09 16:03:50.861723,46.7,15535.0,France,hello@retail.co.uk
535591,44151,n/a,35,2011-03-10 10:00:14.428857,22.85,15157.0,United Kingdom,user@@bad.com
537948,26462,n/a,26,2011-03-11 03:56:37.995991,9.03,14706.0,United Kingdom,contact@shop.com
533039,71716,,-7,2011-03-11 21:53:01.563126,18.24,15157.0,France,user@@bad.com
536027,31189,POPPY'S PLAYHOUSE BEDROOM,33,2011-03-12 15:49:25.130260,19.1,14549.0,eire,contact@shop.com
530308,36718,SET 7 BABUSHKA NESTING BOXES,11,2011-03-13 09:45:48.697394,5.69,14246.0,United Kingdom,
533474,81346,assorted colour bird ornament,34,2011-03-14 03:42:12.264529,7.31,17738.0,,hello@retail.co.uk
534366,95396,GLASS STAR FROSTED T-LIGHT HOLDER,22,2011-03-14 21:38:35.831663,33.91,17609.0,,hello@retail.co.uk
539826,70375,WHITE HANGING HEART T-LIGHT HOLDER,42,2011-03-15 15:34:59.398797,16.31,13924.0,eire,hello@retail.co.uk
532145,92470,,10,2011-03-16 09:31:22.965931,47.7,13436.0,Germany,
532765,86876,,45,2011-03-17 03:27:46.533066,11.42,17930.0,United Kingdom,
534084,53281,SET 7 BABUSHKA NESTING BOXES,40,2011-03-17 21:24:10.100200,4.05,15003.0,  Spain,not-an-email
539925,79325,SET 7 BABUSHKA NESTING BOXES,9,2011-03-18 15:20:33.667334,37.43,12423.0,eire,hello@retail.co.uk
538533,39552,GLASS STAR FROSTED T-LIGHT HOLDER,18,2011-03-19 09:16:57.234468,43.93,12423.0,United Kingdom,
530346,51444,WHITE HANGING HEART T-LIGHT HOLDER,21,2011-03-20 03:13:20.801603,13.18,17109.0,  Spain,user@@bad.com
532339,58188,RED WOOLLY HOTTIE WHITE HEART.,36,2011-03-20 21:09:44.368737,9.31,13625.0,United Kingdom,not-an-email
538215,96443,POPPY'S PLAYHOUSE BEDROOM,31,2011-03-21 15:06:07.935871,8.47,12619.0,United Kingdom,user@@bad.com
530582,86369,SET 7 BABUSHKA NESTING BOXES,41,2011-03-22 09:02:31.503006,25.62,17596.0,United Kingdom,not-an-email
538555,54032,GLASS STAR FROSTED T-LIGHT HOLDER,12,2011-03-23 02:58:55.070140,22.89,15185.0,France,user@@bad.com
532813,68732,GLASS STAR FROSTED T-LIGHT HOLDER,20,2011-03-23 20:55:18.637274,12.23,14706.0,,contact@shop.com
539175,28211,GLASS STAR FROSTED T-LIGHT HOLDER,15,2011-03-24 14:51:42.204408,1.3,12265.0,United Kingdom,contact@shop.com
532935,82394,,44,2011-03-25 08:48:05.771543,23.56,15156.0,United Kingdom,not-an-email
534342,59772,,8,2011-03-26 02:44:29.338677,47.93,14713.0,,
536618,57944,POPPY'S PLAYHOUSE BEDROOM,25,2011-03-26 20:40:52.905811,32.28,12620.0,eire,user@@bad.com
531262,78964,n/a,-3,2011-03-27 14:37:16.472945,24.27,15584.0,United Kingdom,not-an-email
535569,66961,SET 7 BABUSHKA NESTING BOXES,41,2011-03-28 08:33:40.040080,4.65,15390.0,,contact@shop.com
535049,16521,assorted colour bird ornament,13,2011-03-29 02:30:03.607214,11.87,14713.0,France,not-an-email
537838,35933,n/a,10,2011-03-29 20:26:27.174348,14.03,17821.0,eire,
539960,25904,WHITE HANGING HEART T-LIGHT HOLDER,24,2011-03-30 14:22:50.741482,38.0,14991.0,,
536642,76139,POPPY'S PLAYHOUSE BEDROOM,19,2011-03-31 08:19:14.308617,43.71,13466.0,United Kingdom,user@@bad.com
534091,13163,,40,2011-04-01 02:15:37.875751,44.98,13444.0,United Kingdom,not-an-email
534063,28216,n/a,21,2011-04-01 20:12:01.442885,49.21,12623.0,United Kingdom,user@@bad.com
534179,63769,GLASS STAR FROSTED T-LIGHT HOLDER,21,2011-04-02 14:08:25.010020,49.1,16151.0,France,user@@bad.com
538139,72531,POPPY'S PLAYHOUSE BEDROOM,-4,2011-04-03 08:04:48.577154,47.6,14758.0,United Kingdom,user@@bad.com
533211,55296,RED WOOLLY HOTTIE WHITE HEART.,-9,2011-04-04 02:01:12.144288,2.66,16000.0,  Spain,
531669,87463,RED WOOLLY HOTTIE WHITE HEART.,13,2011-04-04 19:57:35.711422,6.03,17494.0,Germany,hello@retail.co.uk
533342,92703,n/a,49,2011-04-05 13:53:59.278557,14.53,17133.0,Germany,not-an-email
530227,21889,GLASS STAR FROSTED T-LIGHT HOLDER,45,2011-04-06 07:50:22.845691,27.2,13738.0,United Kingdom,user@@bad.com
531061,95725,GLASS STAR FROSTED T-LIGHT HOLDER,27,2011-04-07 01:46:46.412825,3.95,12619.0,,contact@shop.com
530900,65293,RED WOOLLY HOTTIE WHITE HEART.,27,2011-04-07 19:43:09.979959,42.14,14219.0,France,contact@shop.com
537714,67259,RED WOOLLY HOTTIE WHITE HEART.,13,2011-04-08 13:39:33.547094,30.45,14979.0,Germany,hello@retail.co.uk
537222,18558,POPPY'S PLAYHOUSE BEDROOM,0,2011-04-09 07:35:57.114228,26.66,17738.0,eire,
536967,65967,SET 7 BABUSHKA NESTING BOXES,-10,2011-04-10 01:32:20.681362,7.43,13625.0,  Spain,user@@bad.com
534618,75313,GLASS STAR FROSTED T-LIGHT HOLDER,10,2011-04-10 19:28:44.248496,11.92,16682.0,eire,user@@bad.com
537169,62270,SET 7 BABUSHKA NESTING BOXES,8,2011-04-11 13:25:07.815631,7.18,17480.0,eire,user@@bad.com
531612,17604,SET 7 BABUSHKA NESTING BOXES,1,2011-04-12 07:21:31.382765,42.45,15386.0,  Spain,not-an-email
539005,57089,RED WOOLLY HOTTIE WHITE HEART.,5,2011-04-13 01:17:54.949899,28.8,17586.0,,contact@shop.com
535009,94233,n/a,-9,2011-04-13 19:14:18.517034,36.49,14219.0,Germany,contact@shop.com
539379,75106,n/a,26,2011-04-14 13:10:42.084168,14.1,15717.0,United Kingdom,hello@retail.co.uk
531522,22366,WHITE HANGING HEART T-LIGHT HOLDER,45,2011-04-15 07:07:05.651302,17.93,16768.0,United Kingdom,not-an-email
534972,96393,SET 7 BABUSHKA NESTING BOXES,31,2011-04-16 01:03:29.218436,19.65,13088.0,,
536962,96298,GLASS STAR FROSTED T-LIGHT HOLDER,unknown,2011-04-16 18:59:52.785571,37.76,14443.0,,
534955,25245,,15,2011-04-17 12:56:16.352705,38.39,16812.0,United Kingdom,contact@shop.com
534461,82078,assorted colour bird ornament,8,2011-04-18 06:52:39.919839,9.55,15461.0,France,
531661,46604,SET 7 BABUSHKA NESTING BOXES,-2,2011-04-19 00:49:03.486973,47.02,13466.0,United Kingdom,contact@shop.com
533809,63430,WHITE HANGING HEART T-LIGHT HOLDER,25,2011-04-19 18:45:27.054108,5.15,17114.0,United Kingdom,contact@shop.com
532387,50066,SET 7 BABUSHKA NESTING BOXES,23,2011-04-20 12:41:50.621242,44.7,12518.0,Germany,contact@shop.com
533014,80435,GLASS STAR FROSTED T-LIGHT HOLDER,-10,2011-04-21 06:38:14.188376,4.12,15185.0,  Spain,hello@retail.co.uk
536836,99698,RED WOOLLY HOTTIE WHITE HEART.,14,2011-04-22 00:34:37.755511,12.49,12518.0,France,
536302,81559,POPPY'S PLAYHOUSE BEDROOM,6,2011-04-22 18:31:01.322645,42.17,15584.0,eire,hello@retail.co.uk
536071,93822,WHITE HANGING HEART T-LIGHT HOLDER,0,2011-04-23 12:27:24.889779,8.15,16383.0,United Kingdom,
533617,95141,WHITE HANGING HEART T-LIGHT HOLDER,32,2011-04-24 06:23:48.456913,20.09,14338.0,France,not-an-email
539595,18109,GLASS STAR FROSTED T-LIGHT HOLDER,21,2011-04-25 00:20:12.024048,21.94,13926.0,Germany,user@@bad.com
530876,32804,GLASS STAR FROSTED T-LIGHT HOLDER,28,2011-04-25 18:16:35.591182,11.51,15194.0,United Kingdom,hello@retail.co.uk
533425,74966,SET 7 BABUSHKA NESTING BOXES,32,2011-04-26 12:12:59.158316,35.22,16082.0,eire,
531179,63106,SET 7 BABUSHKA NESTING BOXES,48,2011-04-27 06:09:22.725450,42.42,17527.0,,contact@shop.com
533389,14513,WHITE HANGING HEART T-LIGHT HOLDER,38,2011-04-28 00:05:46.292585,43.6,12963.0,United Kingdom,not-an-email
539618,18554,assorted colour bird ornament,27,2011-04-28 18:02:09.859719,16.31,14962.0,United Kingdom,hello@retail.co.uk
533662,56848,,42,2011-04-29 11:58:33.426853,26.07,17179.0,United Kingdom,
539084,65454,WHITE HANGING HEART T-LIGHT HOLDER,18,2011-04-30 05:54:56.993987,11.67,12963.0,,hello@retail.co.uk
534950,25094,,49,2011-04-30 23:51:20.561122,11.48,17109.0,France,
536996,25416,n/a,35,2011-05-01 17:47:44.128256,7.22,17543.0,,contact@shop.com
534573,21640,SET 7 BABUSHKA NESTING BOXES,29,2011-05-02 11:44:07.695390,46.94,17614.0,Germany,hello@retail.co.uk
532658,60844,n/a,unknown,2011-05-03 05:40:31.262525,44.29,17109.0,Germany,user@@bad.com
537641,10706,SET 7 BABUSHKA NESTING BOXES,20,2011-05-03 23:36:54.829659,38.65,17527.0,Germany,user@@bad.com
539690,61518,RED WOOLLY HOTTIE WHITE HEART.,33,2011-05-04 17:33:18.396793,25.4,17892.0,  Spain,hello@retail.co.uk
532634,52833,SET 7 BABUSHKA NESTING BOXES,7,2011-05-05 11:29:41.963927,24.02,12373.0,  Spain,contact@shop.com
537786,51938,SET 7 BABUSHKA NESTING BOXES,47,2011-05-06 05:26:05.531062,26.02,14274.0,eire,hello@retail.co.uk
532611,71134,WHITE HANGING HEART T-LIGHT HOLDER,27,2011-05-06 23:22:29.098196,26.36,12265.0,United Kingdom,not-an-email
537168,57036,GLASS STAR FROSTED T-LIGHT HOLDER,36,2011-05-07 17:18:52.665330,21.16,15156.0,,hello@retail.co.uk
537889,75496,SET 7 BABUSHKA NESTING BOXES,17,2011-05-08 11:15:16.232464,5.72,12567.0,France,contact@shop.com
534493,78752,assorted colour bird ornament,42,2011-05-09 05:11:39.799599,5.41,16831.0,United Kingdom,
537368,92809,,-6,2011-05-09 23:08:03.366733,47.56,14302.0,  Spain,user@@bad.com
532722,81931,,-4,2011-05-10 17:04:26.933867,23.58,13924.0,Germany,contact@shop.com
530792,56593,,20,2011-05-11 11:00:50.501002,47.61,17543.0,  Spain,contact@shop.com
530963,54293,RED WOOLLY HOTTIE WHITE HEART.,33,2011-05-12 04:57:14.068136,7.34,17892.0,,hello@retail.co.uk
534469,31213,assorted colour bird ornament,38,2011-05-12 22:53:37.635270,27.28,17781.0,United Kingdom,contact@shop.com
539025,63962,WHITE HANGING HEART T-LIGHT HOLDER,16,2011-05-13 16:50:01.202404,9.59,13975.0,France,user@@bad.com
531275,22522,assorted colour bird ornament,28,2011-05-14 10:46:24.769539,11.91,14638.0,eire,hello@retail.co.uk
534557,93810,n/a,23,2011-05-15 04:42:48.336673,0.53,14238.0,United Kingdom,user@@bad.com
537039,86053,POPPY'S PLAYHOUSE BEDROOM,47,2011-05-15 22:39:11.903807,5.07,14407.0,  Spain,
532023,20775,,29,2011-05-16 16:35:35.470941,45.76,13544.0,Germany,
537215,80735,SET 7 BABUSHKA NESTING BOXES,15,2011-05-17 10:31:59.038076,15.4,14102.0,  Spain,user@@bad.com
533059,20539,POPPY'S PLAYHOUSE BEDROOM,48,2011-05-18 04:28:22.605210,30.01,17871.0,,
538085,74909,SET 7 BABUSHKA NESTING BOXES,-4,2011-05-18 22:24:46.172344,22.72,12623.0,eire,
535791,17893,,49,2011-05-19 16:21:09.739478,19.42,14452.0,,contact@shop.com
535468,53936,POPPY'S PLAYHOUSE BEDROOM,-1,2011-05-20 10:17:33.306613,26.13,13956.0,United Kingdom,user@@bad.com
531767,69207,n/a,7,2011-05-21 04:13:56.873747,8.55,17614.0,Germany,user@@bad.com
534631,75592,n/a,39,2011-05-21 22:10:20.440881,49.42,16808.0,France,user@@bad.com
538565,47674,WHITE HANGING HEART T-LIGHT HOLDER,unknown,2011-05-22 16:06:44.008016,40.73,12499.0,United Kingdom,contact@shop.com
530195,92945,n/a,48,2011-05-23 10:03:07.575150,36.82,16837.0,France,user@@bad.com
537584,79688,WHITE HANGING HEART T-LIGHT HOLDER,34,2011-05-24 03:59:31.142284,22.91,14218.0,Germany,user@@bad.com
534927,28743,GLASS STAR FROSTED T-LIGHT HOLDER,28,2011-05-24 21:55:54.709418,6.8,16649.0,France,contact@shop.com
537193,70410,n/a,10,2011-05-25 15:52:18.276553,45.95,16831.0,  Spain,hello@retail.co.uk
536632,75747,assorted colour bird ornament,-10,2011-05-26 09:48:41.843687,16.41,14238.0,Germany,
534320,40027,n/a,-3,2011-05-27 03:45:05.410821,1.56,14713.0,  Spain,
533086,76440,SET 7 BABUSHKA NESTING BOXES,7,2011-05-27 21:41:28.977955,16.46,12703.0,,user@@bad.com
536272,90852,SET 7 BABUSHKA NESTING BOXES,-8,2011-05-28 15:37:52.545090,39.52,17549.0,United Kingdom,
531402,83539,SET 7 BABUSHKA NESTING BOXES,20,2011-05-29 09:34:16.112224,30.76,13218.0,,
535840,78627,SET 7 BABUSHKA NESTING BOXES,36,2011-05-30 03:30:39.679358,37.29,15386.0,United Kingdom,not-an-email
530946,67104,assorted colour bird ornament,47,2011-05-30 21:27:03.246492,39.48,17930.0,eire,hello@retail.co.uk
536497,34347,,19,2011-05-31 15:23:26.813627,9.81,13956.0,France,hello@retail.co.uk
536286,81569,assorted colour bird ornament,42,2011-06-01 09:19:50.380761,46.11,13289.0,,contact@shop.com
530844,42776,,49,2011-06-02 03:16:13.947895,21.34,14655.0,  Spain,user@@bad.com
537574,57897,SET 7 BABUSHKA NESTING BOXES,41,2011-06-02 21:12:37.515030,31.59,12315.0,Germany,contact@shop.com
534157,38299,RED WOOLLY HOTTIE WHITE HEART.,17,2011-06-03 15:09:01.082164,-0.88,14334.0,eire,not-an-email
537868,38171,GLASS STAR FROSTED T-LIGHT HOLDER,9,2011-06-04 09:05:24.649298,49.66,16533.0,  Spain,hello@retail.co.uk
530416,24184,n/a,48,2011-06-05 03:01:48.216432,13.33,15376.0,eire,contact@shop.com
531794,96515,POPPY'S PLAYHOUSE BEDROOM,4,2011-06-05 20:58:11.783567,2.17,12691.0,eire,not-an-email
534939,23300,SET 7 BABUSHKA NESTING BOXES,14,2011-06-06 14:54:35.350701,22.37,13287.0,United Kingdom,not-an-email
531882,17763,,-6,2011-06-07 08:50:58.917835,5.58,15386.0,eire,user@@bad.com
533298,94250,assorted colour bird ornament,37,2011-06-08 02:47:22.484969,6.77,14218.0,Germany,
536605,59950,GLASS STAR FROSTED T-LIGHT HOLDER,28,2011-06-08 20:43:46.052104,31.25,17891.0,United Kingdom,
531445,49410,WHITE HANGING HEART T-LIGHT HOLDER,-5,2011-06-09 14:40:09.619238,19.04,12772.0,,hello@retail.co.uk
536776,76373,GLASS STAR FROSTED T-LIGHT HOLDER,3,2011-06-10 08:36:33.186372,46.01,12859.0,United Kingdom,
531033,44498,WHITE HANGING HEART T-LIGHT HOLDER,23,2011-06-11 02:32:56.753507,15.28,15003.0,United Kingdom,user@@bad.com
531751,21512,WHITE HANGING HEART T-LIGHT HOLDER,22,2011-06-11 20:29:20.320641,36.04,16682.0,United Kingdom,contact@shop.com
535875,75670,assorted colour bird ornament,38,2011-06-12 14:25:43.887775,22.52,12996.0,Germany,not-an-email
537934,25839,WHITE HANGING HEART T-LIGHT HOLDER,5,2011-06-13 08:22:07.454909,32.66,15032.0,Germany,hello@retail.co.uk
531705,59768,SET 7 BABUSHKA NESTING BOXES,45,2011-06-14 02:18:31.022044,29.58,15952.0,,hello@retail.co.uk
532999,95415,GLASS STAR FROSTED T-LIGHT HOLDER,16,2011-06-14 20:14:54.589178,23.11,17609.0,,user@@bad.com
539250,94251,assorted colour bird ornament,39,2011-06-15 14:11:18.156312,47.45,17775.0,United Kingdom,not-an-email
539895,42470,,4,2011-06-16 08:07:41.723446,16.48,15406.0,Germany,contact@shop.com
535810,80226,WHITE HANGING HEART T-LIGHT HOLDER,-8,2011-06-17 02:04:05.290581,8.04,15939.0,United Kingdom,hello@retail.co.uk
534469,65140,POPPY'S PLAYHOUSE BEDROOM,-7,2011-06-17 20:00:28.857715,33.58,15508.0,eire,user@@bad.com
533468,53142,n/a,12,2011-06-18 13:56:52.424849,42.15,16831.0,France,not-an-email
536123,22593,n/a,47,2011-06-19 07:53:15.991983,1.05,14794.0,eire,
535908,43871,assorted colour bird ornament,-8,2011-06-20 01:49:39.559118,21.93,12027.0,,user@@bad.com
532947,68671,,12,2011-06-20 19:46:03.126252,44.52,14354.0,France,
530228,98795,n/a,-4,2011-06-21 13:42:26.693386,37.23,12731.0,United Kingdom,hello@retail.co.uk
531514,10440,,45,2011-06-22 07:38:50.260521,49.58,17673.0,United Kingdom,contact@shop.com
539584,74597,RED WOOLLY HOTTIE WHITE HEART.,30,2011-06-23 01:35:13.827655,26.1,12766.0,,not-an-email
534181,86169,POPPY'S PLAYHOUSE BEDROOM,35,2011-06-23 19:31:37.394789,32.66,16518.0,Germany,contact@shop.com
534822,95606,SET 7 BABUSHKA NESTING BOXES,32,2011-06-24 13:28:00.961923,14.43,12567.0,France,user@@bad.com
534670,48141,n/a,29,2011-06-25 07:24:24.529058,47.32,17810.0,eire,user@@bad.com
537826,20662,SET 7 BABUSHKA NESTING BOXES,36,2011-06-26 01:20:48.096192,17.68,14246.0,eire,hello@retail.co.uk
530649,34386,POPPY'S PLAYHOUSE BEDROOM,-10,2011-06-26 19:17:11.663326,36.66,12619.0,Germany,
530827,86547,GLASS STAR FROSTED T-LIGHT HOLDER,unknown,2011-06-27 13:13:35.230460,19.56,13834.0,United Kingdom,contact@shop.com
532758,89013,,34,2011-06-28 07:09:58.797595,27.65,14794.0,United Kingdom,
534866,67336,SET 7 BABUSHKA NESTING BOXES,34,2011-06-29 01:06:22.364729,35.71,17114.0,France,contact@shop.com
536710,21046,POPPY'S PLAYHOUSE BEDROOM,13,2011-06-29 19:02:45.931863,24.96,14608.0,United Kingdom,user@@bad.com
534906,20972,WHITE HANGING HEART T-LIGHT HOLDER,38,2011-06-30 12:59:09.498997,45.26,13289.0,France,user@@bad.com
534411,53035,,12,2011-07-01 06:55:33.066132,20.38,14794.0,Germany,hello@retail.co.uk
539377,62942,SET 7 BABUSHKA NESTING BOXES,-8,2011-07-02 00:51:56.633266,32.0,12231.0,United Kingdom,not-an-email
531610,12914,GLASS STAR FROSTED T-LIGHT HOLDER,44,2011-07-02 18:48:20.200400,16.46,13984.0,Germany,not-an-email
535716,71747,SET 7 BABUSHKA NESTING BOXES,4,2011-07-03 12:44:43.767535,19.82,12349.0,,contact@shop.com
535421,59005,assorted colour bird ornament,-4,2011-07-04 06:41:07.334669,21.44,12703.0,eire,
534734,11107,,27,2011-07-05 00:37:30.901803,5.42,15326.0,  Spain,
538075,18610,RED WOOLLY HOTTIE WHITE HEART.,4,2011-07-05 18:33:54.468937,3.68,12423.0,United Kingdom,user@@bad.com
532669,50888,RED WOOLLY HOTTIE WHITE HEART.,41,2011-07-06 12:30:18.036072,33.04,12027.0,  Spain,user@@bad.com
539536,75031,assorted colour bird ornament,16,2011-07-07 06:26:41.603206,32.43,14991.0,Germany,contact@shop.com
533315,84285,SET 7 BABUSHKA NESTING BOXES,-10,2011-07-08 00:23:05.170340,32.81,17133.0,United Kingdom,not-an-email
535449,48816,SET 7 BABUSHKA NESTING BOXES,47,2011-07-08 18:19:28.737474,0.01,14238.0,,
535206,36582,assorted colour bird ornament,20,2011-07-09 12:15:52.304609,15.65,15473.0,eire,not-an-email
538496,97146,SET 7 BABUSHKA NESTING BOXES,5,2011-07-10 06:12:15.871743,9.09,15535.0,United Kingdom,contact@shop.com
534388,51268,,30,2011-07-11 00:08:39.438877,38.69,14274.0,eire,hello@retail.co.uk
532845,38384,RED WOOLLY HOTTIE WHITE HEART.,21,2011-07-11 18:05:03.006012,42.89,14218.0,United Kingdom,user@@bad.com
530216,49807,SET 7 BABUSHKA NESTING BOXES,-9,2011-07-12 12:01:26.573146,11.58,17480.0,eire,
533636,11088,assorted colour bird ornament,35,2011-07-13 05:57:50.140280,33.06,15390.0,United Kingdom,not-an-email
538262,37173,GLASS STAR FROSTED T-LIGHT HOLDER,14,2011-07-13 23:54:13.707414,5.6,12499.0,  Spain,hello@retail.co.uk
530099,56399,n/a,31,2011-07-14 17:50:37.274549,13.03,14890.0,Germany,contact@shop.com
538960,92658,POPPY'S PLAYHOUSE BEDROOM,43,2011-07-15 11:47:00.841683,6.07,17460.0,France,
535427,76439,WHITE HANGING HEART T-LIGHT HOLDER,26,2011-07-16 05:43:24.408817,13.46,13436.0,United Kingdom,hello@retail.co.uk
531402,80315,,30,2011-07-16 23:39:47.975951,33.41,14348.0,,hello@retail.co.uk
533021,59040,SET 7 BABUSHKA NESTING BOXES,5,2011-07-17 17:36:11.543086,45.43,17673.0,United Kingdom,not-an-email
535539,19952,GLASS STAR FROSTED T-LIGHT HOLDER,4,2011-07-18 11:32:35.110220,9.33,14102.0,United Kingdom,user@@bad.com
533156,45182,SET 7 BABUSHKA NESTING BOXES,14,2011-07-19 05:28:58.677354,26.65,15473.0,United Kingdom,contact@shop.com
531085,99732,n/a,41,2011-07-19 23:25:22.244488,34.77,12898.0,Germany,contact@shop.com
536659,13975,SET 7 BABUSHKA NESTING BOXES,21,2011-07-20 17:21:45.811623,47.6,14348.0,,not-an-email
536721,89127,GLASS STAR FROSTED T-LIGHT HOLDER,10,2011-07-21 11:18:09.378757,30.11,17179.0,  Spain,hello@retail.co.uk
531188,71603,WHITE HANGING HEART T-LIGHT HOLDER,36,2011-07-22 05:14:32.945891,12.01,14443.0,United Kingdom,user@@bad.com
532812,35551,n/a,41,2011-07-22 23:10:56.513026,30.9,16719.0,United Kingdom,
532438,80018,n/a,44,2011-07-23 17:07:20.080160,15.35,16338.0,France,not-an-email
536593,85319,POPPY'S PLAYHOUSE BEDROOM,7,2011-07-24 11:03:43.647294,48.78,14271.0,,contact@shop.com
537302,13889,SET 7 BABUSHKA NESTING BOXES,32,2011-07-25 05:00:07.214428,19.38,15194.0,France,not-an-email
537269,19577,WHITE HANGING HEART T-LIGHT HOLDER,25,2011-07-25 22:56:30.781563,33.96,17738.0,,contact@shop.com
539386,69916,assorted colour bird ornament,16,2011-07-26 16:52:54.348697,0.18,17673.0,  Spain,contact@shop.com
537685,99918,,13,2011-07-27 10:49:17.915831,19.4,17617.0,,user@@bad.com
533206,12156,n/a,-4,2011-07-28 04:45:41.482965,43.63,17560.0,United Kingdom,contact@shop.com
531077,69910,assorted colour bird ornament,6,2011-07-28 22:42:05.050100,30.12,13943.0,Germany,contact@shop.com
536145,22287,GLASS STAR FROSTED T-LIGHT HOLDER,22,2011-07-29 16:38:28.617234,21.64,13625.0,United Kingdom,
539159,68510,n/a,43,2011-07-30 10:34:52.184368,46.73,15185.0,France,not-an-email
539750,66097,POPPY'S PLAYHOUSE BEDROOM,41,2011-07-31 04:31:15.751503,42.55,16637.0,Germany,
532301,18139,,1,2011-07-31 22:27:39.318637,15.43,17527.0,France,contact@shop.com
532364,71264,WHITE HANGING HEART T-LIGHT HOLDER,30,2011-08-01 16:24:02.885771,26.77,12265.0,United Kingdom,not-an-email
530374,90732,WHITE HANGING HEART T-LIGHT HOLDER,-5,2011-08-02 10:20:26.452905,23.98,13984.0,United Kingdom,
531412,87709,,30,2011-08-03 04:16:50.020040,31.24,16831.0,France,user@@bad.com
535547,12609,GLASS STAR FROSTED T-LIGHT HOLDER,10,2011-08-03 22:13:13.587174,16.04,15477.0,United Kingdom,
535467,32132,WHITE HANGING HEART T-LIGHT HOLDER,16,2011-08-04 16:09:37.154308,11.45,15406.0,Germany,
533708,31674,RED WOOLLY HOTTIE WHITE HEART.,33,2011-08-05 10:06:00.721442,45.55,13159.0,United Kingdom,
533099,50795,assorted colour bird ornament,15,2011-08-06 04:02:24.288577,46.12,13088.0,United Kingdom,not-an-email
538297,22871,POPPY'S PLAYHOUSE BEDROOM,38,2011-08-06 21:58:47.855711,42.01,12265.0,,not-an-email
534599,86890,WHITE HANGING HEART T-LIGHT HOLDER,22,2011-08-07 15:55:11.422845,48.89,17980.0,United Kingdom,
538081,79908,GLASS STAR FROSTED T-LIGHT HOLDER,49,2011-08-08 09:51:34.989979,36.99,15643.0,United Kingdom,contact@shop.com
539631,82750,WHITE HANGING HEART T-LIGHT HOLDER,28,2011-08-09 03:47:58.557114,38.0,14608.0,United Kingdom,user@@bad.com
533171,27838,assorted colour bird ornament,7,2011-08-09 21:44:22.124248,37.89,17494.0,United Kingdom,user@@bad.com
532027,11311,POPPY'S PLAYHOUSE BEDROOM,36,2011-08-10 15:40:45.691382,23.51,12619.0,eire,not-an-email
539528,91956,POPPY'S PLAYHOUSE BEDROOM,14,2011-08-11 09:37:09.258517,22.28,15185.0,United Kingdom,not-an-email
536347,36001,GLASS STAR FROSTED T-LIGHT HOLDER,22,2011-08-12 03:33:32.825651,11.25,17815.0,United Kingdom,not-an-email
532908,69063,assorted colour bird ornament,-2,2011-08-12 21:29:56.392785,31.89,17196.0,  Spain,user@@bad.com
536217,91848,n/a,-3,2011-08-13 15:26:19.959919,13.76,14638.0,United Kingdom,user@@bad.com
535150,13254,GLASS STAR FROSTED T-LIGHT HOLDER,24,2011-08-14 09:22:43.527054,12.15,16533.0,United Kingdom,contact@shop.com
539054,10492,,1,2011-08-15 03:19:07.094188,28.88,13956.0,United Kingdom,
532559,10488,POPPY'S PLAYHOUSE BEDROOM,49,2011-08-15 21:15:30.661322,19.91,17772.0,  Spain,contact@shop.com
539912,24069,GLASS STAR FROSTED T-LIGHT HOLDER,41,2011-08-16 15:11:54.228456,10.16,12032.0,Germany,
539359,14649,POPPY'S PLAYHOUSE BEDROOM,32,2011-08-17 09:08:17.795591,40.62,17272.0,,not-an-email
531806,83797,GLASS STAR FROSTED T-LIGHT HOLDER,34,2011-08-18 03:04:41.362725,42.89,13022.0,Germany,not-an-email
531645,64532,POPPY'S PLAYHOUSE BEDROOM,25,2011-08-18 21:01:04.929859,7.55,14978.0,  Spain,
535331,98203,WHITE HANGING HEART T-LIGHT HOLDER,-7,2011-08-19 14:57:28.496993,-0.62,17792.0,eire,not-an-email
530449,82132,WHITE HANGING HEART T-LIGHT HOLDER,13,2011-08-20 08:53:52.064128,16.14,16808.0,eire,not-an-email
532987,96685,WHITE HANGING HEART T-LIGHT HOLDER,19,2011-08-21 02:50:15.631262,39.67,17283.0,,user@@bad.com
534350,31469,GLASS STAR FROSTED T-LIGHT HOLDER,44,2011-08-21 20:46:39.198396,41.8,16812.0,  Spain,hello@retail.co.uk
539692,35901,assorted colour bird ornament,3,2011-08-22 14:43:02.765531,6.05,13622.0,Germany,contact@shop.com
539922,86445,RED WOOLLY HOTTIE WHITE HEART.,19,2011-08-23 08:39:26.332665,38.49,12996.0,eire,not-an-email
531515,32039,RED WOOLLY HOTTIE WHITE HEART.,10,2011-08-24 02:35:49.899799,4.9,14608.0,  Spain,hello@retail.co.uk
538915,15150,POPPY'S PLAYHOUSE BEDROOM,-2,2011-08-24 20:32:13.466933,18.89,12518.0,Germany,
530909,70221,POPPY'S PLAYHOUSE BEDROOM,-4,2011-08-25 14:28:37.034068,49.93,14706.0,France,not-an-email
537485,82085,assorted colour bird ornament,11,2011-08-26 08:25:00.601202,8.82,13159.0,eire,
538455,97136,,-6,2011-08-27 02:21:24.168336,6.85,14821.0,United Kingdom,contact@shop.com
538907,93500,,-6,2011-08-27 20:17:47.735470,20.56,15464.0,France,contact@shop.com
532233,20820,WHITE HANGING HEART T-LIGHT HOLDER,11,2011-08-28 14:14:11.302605,30.6,13975.0,Germany,user@@bad.com
538933,79488,RED WOOLLY HOTTIE WHITE HEART.,2,2011-08-29 08:10:34.869739,46.58,12373.0,United Kingdom,
531159,86150,n/a,23,2011-08-30 02:06:58.436873,49.02,14978.0,United Kingdom,user@@bad.com
535188,72830,SET 7 BABUSHKA NESTING BOXES,-9,2011-08-30 20:03:22.004008,2.55,16960.0,France,not-an-email
534694,83781,assorted colour bird ornament,8,2011-08-31 13:59:45.571142,6.04,15218.0,Germany,hello@retail.co.uk
533158,85417,assorted colour bird ornament,17,2011-09-01 07:56:09.138276,39.33,13436.0,France,
530221,50189,SET 7 BABUSHKA NESTING BOXES,47,2011-09-02 01:52:32.705410,12.8,12518.0,United Kingdom,user@@bad.com
537719,13613,RED WOOLLY HOTTIE WHITE HEART.,28,2011-09-02 19:48:56.272545,44.13,16525.0,France,contact@shop.com
533355,51057,assorted colour bird ornament,42,2011-09-03 13:45:19.839679,32.84,15952.0,United Kingdom,contact@shop.com
536615,28160,WHITE HANGING HEART T-LIGHT HOLDER,10,2011-09-04 07:41:43.406813,4.7,12996.0,United Kingdom,user@@bad.com
534101,20235,,16,2011-09-05 01:38:06.973947,41.46,15508.0,  Spain,hello@retail.co.uk
533736,21243,n/a,15,2011-09-05 19:34:30.541082,7.99,12349.0,Germany,hello@retail.co.uk
538862,72762,assorted colour bird ornament,43,2011-09-06 13:30:54.108216,20.6,16013.0,,not-an-email
530944,55407,POPPY'S PLAYHOUSE BEDROOM,47,2011-09-07 07:27:17.675350,27.16,13984.0,  Spain,contact@shop.com
537365,58584,WHITE HANGING HEART T-LIGHT HOLDER,47,2011-09-08 01:23:41.242484,24.54,14655.0,  Spain,hello@retail.co.uk
537467,77066,RED WOOLLY HOTTIE WHITE HEART.,35,2011-09-08 19:20:04.809619,33.99,12898.0,United Kingdom,user@@bad.com
533799,59343,SET 7 BABUSHKA NESTING BOXES,20,2011-09-09 13:16:28.376753,32.29,13738.0,,not-an-email
532624,66700,SET 7 BABUSHKA NESTING BOXES,22,2011-09-10 07:12:51.943887,49.59,14074.0,United Kingdom,user@@bad.com
530053,17742,RED WOOLLY HOTTIE WHITE HEART.,48,2011-09-11 01:09:15.511022,49.97,13924.0,,hello@retail.co.uk
539367,86600,n/a,7,2011-09-11 19:05:39.078156,25.34,14979.0,United Kingdom,not-an-email
539476,50389,RED WOOLLY HOTTIE WHITE HEART.,10,2011-09-12 13:02:02.645290,3.86,17891.0,France,user@@bad.com
532409,23969,assorted colour bird ornament,43,2011-09-13 06:58:26.212424,36.12,15508.0,Germany,user@@bad.com
530319,83198,GLASS STAR FROSTED T-LIGHT HOLDER,13,2011-09-14 00:54:49.779559,48.81,15798.0,United Kingdom,
531227,76115,GLASS STAR FROSTED T-LIGHT HOLDER,4,2011-09-14 18:51:13.346693,15.23,17596.0,France,user@@bad.com
530676,14772,RED WOOLLY HOTTIE WHITE HEART.,23,2011-09-15 12:47:36.913827,22.52,17871.0,eire,not-an-email
538310,27373,SET 7 BABUSHKA NESTING BOXES,9,2011-09-16 06:44:00.480961,20.66,16808.0,  Spain,hello@retail.co.uk
538918,11417,GLASS STAR FROSTED T-LIGHT HOLDER,43,2011-09-17 00:40:24.048096,1.62,14385.0,  Spain,hello@retail.co.uk
531532,34368,SET 7 BABUSHKA NESTING BOXES,44,2011-09-17 18:36:47.615230,33.29,15192.0,,hello@retail.co.uk
537466,18998,assorted colour bird ornament,8,2011-09-18 12:33:11.182364,17.02,14274.0,United Kingdom,user@@bad.com
531792,73890,WHITE HANGING HEART T-LIGHT HOLDER,21,2011-09-19 06:29:34.749499,39.16,14706.0,Germany,contact@shop.com
533671,57029,WHITE HANGING HEART T-LIGHT HOLDER,49,2011-09-20 00:25:58.316633,41.44,14794.0,,not-an-email
535993,98217,assorted colour bird ornament,34,2011-09-20 18:22:21.883767,40.88,15508.0,eire,
537198,77447,GLASS STAR FROSTED T-LIGHT HOLDER,2,2011-09-21 12:18:45.450901,20.25,12606.0,France,hello@retail.co.uk
538744,65038,WHITE HANGING HEART T-LIGHT HOLDER,25,2011-09-22 06:15:09.018036,15.4,17283.0,Germany,
530447,55837,n/a,27,2011-09-23 00:11:32.585170,37.19,16808.0,Germany,
531964,14904,WHITE HANGING HEART T-LIGHT HOLDER,unknown,2011-09-23 18:07:56.152304,39.87,16000.0,eire,contact@shop.com
532804,16318,n/a,-9,2011-09-24 12:04:19.719438,24.05,17871.0,France,user@@bad.com
533102,65467,assorted colour bird ornament,unknown,2011-09-25 06:00:43.286573,44.54,13159.0,  Spain,not-an-email
539979,10394,n/a,41,2011-09-25 23:57:06.853707,6.34,16383.0,eire,contact@shop.com
537773,13811,n/a,4,2011-09-26 17:53:30.420841,43.83,13943.0,  Spain,hello@retail.co.uk
533203,29721,SET 7 BABUSHKA NESTING BOXES,7,2011-09-27 11:49:53.987975,3.9,12598.0,France,contact@shop.com
539717,89572,POPPY'S PLAYHOUSE BEDROOM,9,2011-09-28 05:46:17.555110,6.83,13924.0,  Spain,contact@shop.com
534992,51303,RED WOOLLY HOTTIE WHITE HEART.,0,2011-09-28 23:42:41.122244,26.23,17112.0,,contact@shop.com
535006,73861,,-1,2011-09-29 17:39:04.689378,2.44,15535.0,United Kingdom,
534336,47040,RED WOOLLY HOTTIE WHITE HEART.,10,2011-09-30 11:35:28.256513,1.69,17133.0,Germany,contact@shop.com
531438,25581,,42,2011-10-01 05:31:51.823647,-0.97,14348.0,  Spain,hello@retail.co.uk
539342,43403,POPPY'S PLAYHOUSE BEDROOM,-10,2011-10-01 23:28:15.390781,21.25,12703.0,  Spain,
530139,18254,,6,2011-10-02 17:24:38.957915,38.51,16768.0,  Spain,not-an-email
531742,79322,WHITE HANGING HEART T-LIGHT HOLDER,-7,2011-10-03 11:21:02.525050,0.78,13544.0,eire,contact@shop.com
532296,26517,SET 7 BABUSHKA NESTING BOXES,23,2011-10-04 05:17:26.092184,32.27,17930.0,  Spain,
532792,43873,POPPY'S PLAYHOUSE BEDROOM,5,2011-10-04 23:13:49.659318,40.98,13195.0,  Spain,contact@shop.com
531318,98201,GLASS STAR FROSTED T-LIGHT HOLDER,37,2011-10-05 17:10:13.226452,7.57,14890.0,United Kingdom,hello@retail.co.uk
530179,63276,GLASS STAR FROSTED T-LIGHT HOLDER,25,2011-10-06 11:06:36.793587,6.49,16383.0,United Kingdom,not-an-email
536775,51269,,37,2011-10-07 05:03:00.360721,42.9,14334.0,eire,
539692,58870,SET 7 BABUSHKA NESTING BOXES,28,2011-10-07 22:59:23.927855,40.98,15473.0,United Kingdom,contact@shop.com
531218,80566,GLASS STAR FROSTED T-LIGHT HOLDER,16,2011-10-08 16:55:47.494989,26.49,15699.0,Germany,contact@shop.com
532965,32903,assorted colour bird ornament,41,2011-10-09 10:52:11.062124,40.78,12644.0,eire,not-an-email
535062,67276,n/a,18,2011-10-10 04:48:34.629258,3.73,13125.0,United Kingdom,contact@shop.com
539274,88541,GLASS STAR FROSTED T-LIGHT HOLDER,46,2011-10-10 22:44:58.196392,19.12,17527.0,,user@@bad.com
536941,61516,n/a,49,2011-10-11 16:41:21.763527,36.63,12710.0,France,hello@retail.co.uk
537661,50188,POPPY'S PLAYHOUSE BEDROOM,25,2011-10-12 10:37:45.330661,12.13,12567.0,Germany,hello@retail.co.uk
535810,23061,WHITE HANGING HEART T-LIGHT HOLDER,30,2011-10-13 04:34:08.897795,37.37,12623.0,eire,not-an-email
534169,32345,,5,2011-10-13 22:30:32.464929,24.71,13924.0,United Kingdom,user@@bad.com
531997,95141,,38,2011-10-14 16:26:56.032064,37.26,17268.0,United Kingdom,
538642,58712,WHITE HANGING HEART T-LIGHT HOLDER,30,2011-10-15 10:23:19.599198,22.7,13444.0,United Kingdom,contact@shop.com
538040,37120,RED WOOLLY HOTTIE WHITE HEART.,44,2011-10-16 04:19:43.166332,17.76,12606.0,France,contact@shop.com
530250,47652,POPPY'S PLAYHOUSE BEDROOM,6,2011-10-16 22:16:06.733466,10.18,17179.0,United Kingdom,
537153,62020,SET 7 BABUSHKA NESTING BOXES,37,2011-10-17 16:12:30.300601,9.63,16032.0,United Kingdom,
530843,58378,RED WOOLLY HOTTIE WHITE HEART.,18,2011-10-18 10:08:53.867735,37.33,17596.0,eire,contact@shop.com
537389,72979,SET 7 BABUSHKA NESTING BOXES,1,2011-10-19 04:05:17.434869,5.06,14271.0,eire,hello@retail.co.uk
538258,33174,SET 7 BABUSHKA NESTING BOXES,0,2011-10-19 22:01:41.002004,3.39,17272.0,United Kingdom,user@@bad.com
531310,68430,RED WOOLLY HOTTIE WHITE HEART.,23,2011-10-20 15:58:04.569138,7.99,16918.0,United Kingdom,
534337,49840,WHITE HANGING HEART T-LIGHT HOLDER,9,2011-10-21 09:54:28.136272,7.94,14978.0,,hello@retail.co.uk
531237,94652,POPPY'S PLAYHOUSE BEDROOM,-4,2011-10-22 03:50:51.703406,40.98,16518.0,eire,hello@retail.co.uk
535672,24212,POPPY'S PLAYHOUSE BEDROOM,15,2011-10-22 21:47:15.270541,19.32,16013.0,eire,hello@retail.co.uk
539274,23359,,29,2011-10-23 15:43:38.837675,49.51,13834.0,eire,not-an-email
530808,51548,GLASS STAR FROSTED T-LIGHT HOLDER,9,2011-10-24 09:40:02.404809,6.0,12567.0,United Kingdom,hello@retail.co.uk
533975,55751,n/a,47,2011-10-25 03:36:25.971943,32.33,17810.0,  Spain,
539730,72178,POPPY'S PLAYHOUSE BEDROOM,36,2011-10-25 21:32:49.539078,21.89,16338.0,United Kingdom,user@@bad.com
533009,46362,WHITE HANGING HEART T-LIGHT HOLDER,20,2011-10-26 15:29:13.106212,19.04,14302.0,,hello@retail.co.uk
531322,92233,n/a,46,2011-10-27 09:25:36.673346,43.63,14074.0,,contact@shop.com
534885,52674,WHITE HANGING HEART T-LIGHT HOLDER,15,2011-10-28 03:22:00.240480,48.76,15584.0,eire,
535083,21640,WHITE HANGING HEART T-LIGHT HOLDER,-2,2011-10-28 21:18:23.807615,43.52,17930.0,,contact@shop.com
536627,20729,,-8,2011-10-29 15:14:47.374749,8.81,16960.0,eire,not-an-email
533137,97605,assorted colour bird ornament,46,2011-10-30 09:11:10.941883,10.26,15699.0,  Spain,
539555,22068,WHITE HANGING HEART T-LIGHT HOLDER,47,2011-10-31 03:07:34.509018,32.46,17792.0,  Spain,hello@retail.co.uk
535209,95305,SET 7 BABUSHKA NESTING BOXES,34,2011-10-31 21:03:58.076152,13.74,14505.0,,hello@retail.co.uk
532864,35026,SET 7 BABUSHKA NESTING BOXES,-4,2011-11-01 15:00:21.643286,36.47,14655.0,United Kingdom,not-an-email
539601,18406,,7,2011-11-02 08:56:45.210420,27.89,13218.0,United Kingdom,not-an-email
539247,37423,n/a,-8,2011-11-03 02:53:08.777555,27.1,16831.0,United Kingdom,
534991,65322,SET 7 BABUSHKA NESTING BOXES,-7,2011-11-03 20:49:32.344689,41.26,15185.0,Germany,hello@retail.co.uk
530248,48510,RED WOOLLY HOTTIE WHITE HEART.,4,2011-11-04 14:45:55.911823,35.24,16032.0,eire,hello@retail.co.uk
535968,80701,WHITE HANGING HEART T-LIGHT HOLDER,24,2011-11-05 08:42:19.478957,0.36,17775.0,  Spain,not-an-email
535551,64988,RED WOOLLY HOTTIE WHITE HEART.,-7,2011-11-06 02:38:43.046092,1.52,17781.0,eire,contact@shop.com
531481,46070,RED WOOLLY HOTTIE WHITE HEART.,49,2011-11-06 20:35:06.613226,29.68,14238.0,eire,user@@bad.com
536339,67115,GLASS STAR FROSTED T-LIGHT HOLDER,17,2011-11-07 14:31:30.180360,23.8,12772.0,,not-an-email
538407,97430,,5,2011-11-08 08:27:53.747494,12.27,15376.0,Germany,contact@shop.com
531058,47062,,20,2011-11-09 02:24:17.314629,20.35,17586.0,eire,contact@shop.com
537232,23809,POPPY'S PLAYHOUSE BEDROOM,37,2011-11-09 20:20:40.881763,37.65,13259.0,eire,
531403,46790,GLASS STAR FROSTED T-LIGHT HOLDER,8,2011-11-10 14:17:04.448897,41.16,17268.0,eire,not-an-email
537487,85609,RED WOOLLY HOTTIE WHITE HEART.,-8,2011-11-11 08:13:28.016032,27.62,16837.0,,
534190,29586,,-7,2011-11-12 02:09:51.583166,18.65,16000.0,,not-an-email
530065,95421,SET 7 BABUSHKA NESTING BOXES,41,2011-11-12 20:06:15.150300,12.81,12373.0,eire,user@@bad.com
539661,62946,POPPY'S PLAYHOUSE BEDROOM,unknown,2011-11-13 14:02:38.717434,25.62,15407.0,eire,user@@bad.com
531659,64140,SET 7 BABUSHKA NESTING BOXES,28,2011-11-14 07:59:02.284569,15.05,13984.0,  Spain,
535959,38533,RED WOOLLY HOTTIE WHITE HEART.,13,2011-11-15 01:55:25.851703,27.77,13301.0,France,contact@shop.com
531814,92840,assorted colour bird ornament,36,2011-11-15 19:51:49.418837,33.51,13289.0,Germany,
539329,13245,,-7,2011-11-16 13:48:12.985971,2.37,17083.0,France,user@@bad.com
537382,36880,WHITE HANGING HEART T-LIGHT HOLDER,43,2011-11-17 07:44:36.553106,-0.95,15473.0,France,not-an-email
538042,47655,assorted colour bird ornament,31,2011-11-18 01:41:00.120240,9.83,15386.0,United Kingdom,not-an-email
534320,52954,RED WOOLLY HOTTIE WHITE HEART.,16,2011-11-18 19:37:23.687374,44.62,15326.0,  Spain,
534673,52671,POPPY'S PLAYHOUSE BEDROOM,unknown,2011-11-19 13:33:47.254509,31.96,14274.0,United Kingdom,not-an-email
536342,23313,POPPY'S PLAYHOUSE BEDROOM,48,2011-11-20 07:30:10.821643,7.77,12772.0,  Spain,
537846,30303,SET 7 BABUSHKA NESTING BOXES,8,2011-11-21 01:26:34.388777,44.4,17823.0,eire,not-an-email
538468,18571,GLASS STAR FROSTED T-LIGHT HOLDER,19,2011-11-21 19:22:57.955911,22.97,12623.0,Germany,not-an-email
530178,61520,GLASS STAR FROSTED T-LIGHT HOLDER,13,2011-11-22 13:19:21.523046,23.28,12186.0,United Kingdom,user@@bad.com
536634,41577,assorted colour bird ornament,3,2011-11-23 07:15:45.090180,46.71,17738.0,eire,
531091,60918,WHITE HANGING HEART T-LIGHT HOLDER,14,2011-11-24 01:12:08.657314,2.03,13022.0,United Kingdom,
532879,63073,SET 7 BABUSHKA NESTING BOXES,-1,2011-11-24 19:08:32.224448,9.97,14284.0,  Spain,user@@bad.com
538293,73179,RED WOOLLY HOTTIE WHITE HEART.,-10,2011-11-25 13:04:55.791583,28.87,15185.0,United Kingdom,not-an-email
532504,59232,assorted colour bird ornament,7,2011-11-26 07:01:19.358717,8.97,13984.0,France,contact@shop.com
537967,68314,WHITE HANGING HEART T-LIGHT HOLDER,-4,2011-11-27 00:57:42.925851,33.66,13195.0,eire,hello@retail.co.uk
534629,62842,GLASS STAR FROSTED T-LIGHT HOLDER,14,2011-11-27 18:54:06.492985,9.92,15473.0,,contact@shop.com
532326,68718,assorted colour bird ornament,41,2011-11-28 12:50:30.060120,4.06,17892.0,France,
533342,65497,n/a,-1,2011-11-29 06:46:53.627254,9.56,17930.0,United Kingdom,not-an-email
535307,38458,SET 7 BABUSHKA NESTING BOXES,-10,2011-11-30 00:43:17.194388,20.56,15407.0,,not-an-email
537650,32165,WHITE HANGING HEART T-LIGHT HOLDER,-4,2011-11-30 18:39:40.761523,7.98,13195.0,,contact@shop.com
536059,80868,assorted colour bird ornament,20,2011-12-01 12:36:04.328657,5.87,13444.0,France,hello@retail.co.uk
539331,40842,WHITE HANGING HEART T-LIGHT HOLDER,unknown,2011-12-02 06:32:27.895791,42.87,,Germany,
538676,59422,WHITE HANGING HEART T-LIGHT HOLDER,19,2011-12-03 00:28:51.462925,15.34,12159.0,  Spain,not-an-email
537532,27727,n/a,-9,2011-12-03 18:25:15.030060,17.4,15376.0,France,user@@bad.com
536030,48827,POPPY'S PLAYHOUSE BEDROOM,9,2011-12-04 12:21:38.597194,1.82,14991.0,Germany,contact@shop.com
532898,57669,assorted colour bird ornament,14,2011-12-05 06:18:02.164328,17.23,16719.0,Germany,
534125,66340,POPPY'S PLAYHOUSE BEDROOM,15,2011-12-06 00:14:25.731462,12.51,16808.0,  Spain,
531188,57373,WHITE HANGING HEART T-LIGHT HOLDER,23,2011-12-06 18:10:49.298597,30.13,16831.0,Germany,
533741,42458,WHITE HANGING HEART T-LIGHT HOLDER,36,2011-12-07 12:07:12.865731,9.47,12898.0,Germany,contact@shop.com
539263,96558,SET 7 BABUSHKA NESTING BOXES,18,2011-12-08 06:03:36.432865,44.31,14219.0,Germany,hello@retail.co.uk
534258,56146,WHITE HANGING HEART T-LIGHT HOLDER,40,2011-12-09 00:00:00.000000,46.41,13301.0,United Kingdom,not-an-email
535427,76439,WHITE HANGING HEART T-LIGHT HOLDER,26,2011-07-16 05:43:24.408817,13.46,13436.0,United Kingdom,hello@retail.co.uk
536347,36001,GLASS STAR FROSTED T-LIGHT HOLDER,22,2011-08-12 03:33:32.825651,11.25,17815.0,United Kingdom,not-an-email
538930,63202,RED WOOLLY HOTTIE WHITE HEART.,26,2011-01-05 03:10:27.655310,7.44,16649.0,United Kingdom,hello@retail.co.uk
533704,32444,n/a,28,2011-01-20 01:58:18.997995,26.35,12772.0,  Spain,user@@bad.com
531091,60918,WHITE HANGING HEART T-LIGHT HOLDER,14,2011-11-24 01:12:08.657314,2.03,13022.0,United Kingdom,
532326,68718,assorted colour bird ornament,41,2011-11-28 12:50:30.060120,4.06,17892.0,France,
536659,13975,SET 7 BABUSHKA NESTING BOXES,21,2011-07-20 17:21:45.811623,47.6,14348.0,,not-an-email
532272,24897,n/a,0,2010-12-24 04:08:10.581162,45.86,15376.0,France,hello@retail.co.uk
530416,24184,n/a,48,2011-06-05 03:01:48.216432,13.33,15376.0,eire,contact@shop.com
534351,82061,WHITE HANGING HEART T-LIGHT HOLDER,20,2011-02-06 06:35:21.042084,-0.36,15386.0,Germany,contact@shop.com
536145,22287,GLASS STAR FROSTED T-LIGHT HOLDER,22,2011-07-29 16:38:28.617234,21.64,13625.0,United Kingdom,
533342,92703,n/a,49,2011-04-05 13:53:59.278557,14.53,17133.0,Germany,not-an-email
531145,22579,WHITE HANGING HEART T-LIGHT HOLDER,19,2011-02-27 22:50:44.488977,9.42,14978.0,United Kingdom,hello@retail.co.uk
539054,30526,SET 7 BABUSHKA NESTING BOXES,45,2011-01-19 08:01:55.430861,43.9,14348.0,United Kingdom,user@@bad.com
531402,80315,,30,2011-07-16 23:39:47.975951,33.41,14348.0,,hello@retail.co.uk
